id;file_name;file_size;width;height;creation_date_time;description
1;ADP (Bouvetoya) Specialist;40198;33373;80856;2022-12-28T06:47:06;Chief Frozen Ergonomic
2;Steel deposit;52792;51755;93348;2022-12-28T16:39:41;orchid
3;1080p Toys bypassing;47332;56390;95468;2022-12-28T02:09:39;maroon parsing
4;Gorgeous Cambridgeshire Intranet;20594;92495;89882;2022-12-28T08:09:50;schemas withdrawal
5;vertical virtual Health;65671;69447;14989;2022-12-28T04:05:21;synthesize
6;AGP payment;95562;97852;13247;2022-12-28T11:32:38;programming Swaziland
7;green;2919;74129;34880;2022-12-28T08:08:30;violet access
8;strategize;14489;69106;2006;2022-12-28T15:47:59;Operations
9;Versatile;34193;17980;38837;2022-12-27T21:57:12;deploy copying
10;bandwidth-monitored;17340;6612;46266;2022-12-28T04:50:24;Beauty pixel
